分类,吸引点击的标题,评论量,URL,不会点击的标题,评论量,URL
社会,已婚大妈网恋1年被骗60万 事后发现对方是女婿,22,http://news.sina.com.cn/s/wh/2017-05-09/doc-ifyexxhw2889086.shtml,重庆现最隐秘轨道站 周围荒草丛生(图),131,http://news.sina.com.cn/s/wh/2017-05-09/doc-ifyeychk7159959.shtml
,男子足浴店消费600元只带1元 跳窗逃单被挂窗外,492,http://news.sina.com.cn/s/wh/2017-05-09/doc-ifyeychk7156123.shtml,爱尔兰沙滩消失33年 怪潮来临后重现(图),2,http://news.sina.com.cn/o/2017-05-09/doc-ifyexxhw2878121.shtml
,男子吸毒后感觉自己是祁同伟 报警寻求保护被抓,10,http://news.sina.com.cn/w/2017-05-09/doc-ifyexxhw2842571.shtml,男子欲携带44只野生鹦鹉出境 被海关查获刑拘,15,http://news.sina.com.cn/s/wh/2017-05-09/doc-ifyexxhw2852165.shtml
,久别老同学藏祸心 初三女学生被强迫至北京卖淫,0,http://news.sina.com.cn/s/wh/2017-05-09/doc-ifyeycfp9392323.shtml,男子拐工友儿子卖至外地 警察追查20年将其抓获,39,http://news.sina.com.cn/c/2017-05-09/doc-ifyexxhw2848372.shtml
,大学生毕业照原版再现《人民的名义》场景,22,http://news.sina.com.cn/o/2017-05-08/doc-ifyexxhw2841137.shtml,警方21天破3起特大贩毒案 缴获海洛因28.4公斤,0,http://news.sina.com.cn/s/wh/2017-05-08/doc-ifyeychk7135578.shtml
,"女游客被男列车员""拍胸""叫醒 投诉被要求拿证据",736,http://news.sina.com.cn/s/wh/2017-05-08/doc-ifyeycte9131797.shtml,国家环保督查组福建遭村民堵路 1名闹事者被罚,48,http://news.sina.com.cn/s/wh/2017-05-08/doc-ifyeycfp9372076.shtml
,俄罗斯死亡游戏潜入中国 网友称有人组织游戏群,2806,http://news.sina.com.cn/s/wh/2017-05-08/doc-ifyeychk7122119.shtml,17岁女儿非亲生 男子状告前妻获赔22万,253,http://news.sina.com.cn/s/2017-05-08/doc-ifyeycte9075019.shtml
,朝阳群众又立功 《毒战》制作人吸毒被抓,2,http://news.sina.com.cn/s/wh/2017-05-08/doc-ifyeycte9060827.shtml,男子为让自家核桃树长好 砍伐剥皮国有林区林木,12,http://news.sina.com.cn/s/wh/2017-05-08/doc-ifyeychk7114166.shtml
,美女创业者被指狂买LV烧5千万 给干妈开5万月薪,143,http://news.sina.com.cn/s/wh/2017-05-08/doc-ifyeycfp9339781.shtml,71岁留守老太家半夜着火 2位邻居冲进火海救人,0,http://news.sina.com.cn/s/wh/2017-05-08/doc-ifyeycfp9331683.shtml
,飞行员让实习生开载305人客机 自己睡觉被停职,205,http://news.sina.com.cn/o/2017-05-08/doc-ifyexxhw2719316.shtml,交警砸豪车救人遭误读 抱娃女子非妈妈是报警人,195,http://news.sina.com.cn/s/wh/2017-05-07/doc-ifyeycte9022447.shtml
,老太失足卡地铁站台间隙 众人齐推百吨地铁施救,61,http://news.sina.com.cn/s/wh/2017-05-08/doc-ifyeycte9039082.shtml,总经理不给自己签劳动合同 离职后要求公司赔偿,54,http://news.sina.com.cn/s/2017-05-07/doc-ifyeycte8959768.shtml
,高校班级拍反串毕业照 唯一男生穿婚纱,1644,http://news.sina.com.cn/s/2017-05-08/doc-ifyeycte9035664.shtml,"北京进行景观布置 迎""一带一路""高峰论坛",241,http://news.163.com/photoview/00AP0001/2254253.html#p=CK01RR3P00AP0001
,女子穿高跟追公交被轧身亡？尸检证实穿平底鞋,113,http://news.sina.com.cn/s/wh/2017-05-08/doc-ifyexxhw2701287.shtml,"清华副校长获百万大奖 称要给学生""改善生活""",0,http://news.163.com/17/0509/11/CK071C2M0001875P.html
,女子常年生病家中猝死 4岁儿伴尸2天3宿,6639,http://news.sina.com.cn/s/wh/2017-05-07/doc-ifyeychk7109995.shtml,上海老一辈空姐忆往事：厕所吐完继续服务乘客,0,http://news.163.com/17/0509/10/CK04ORPN000187VG.html
,公交站牌2.6米高 网友:姚明也未必能看清,264,http://news.sina.com.cn/c/2017-05-08/doc-ifyexxhw2694791.shtml,美国一名2岁“主厨”因制作美食成网红,62,http://society.qq.com/a/20170507/008793.htm
,完胜老干妈？这款中国辣酱在美国炒到10万天价,1721,http://news.sina.com.cn/zx/2017-05-07/doc-ifyeychk7103882.shtml,“巨贪村官”18年私吞1.5亿 被抓后村民放炮庆祝,7120,http://society.qq.com/a/20170508/004346.htm
,90后女子微信卖假药一夜暴富 只用一年买房买车,65899,http://news.163.com/17/0508/02/CJSO24UJ00018AOP.html,渔民捕获122斤黄唇鱼 卖347万天价,14928,http://society.qq.com/a/20170508/006864.htm
,为方便管理 幼儿园老师让孩子自打嘴巴,158,http://news.163.com/photoview/00AP0001/2254239.html#p=CJVV3UJ600AP0001,村主任盯上惠农资金：截留脱贫款 助骗救灾钱,0,http://news.sohu.com/20170509/n492298262.shtml
,离奇死亡！重庆一居民屋内发现2女1男3具尸体,3265,http://news.163.com/17/0509/09/CK02J4KS0001875P.html,无票游客青城山景区闯关打人 事后送来检讨书致歉,0,http://news.sohu.com/20170509/n492291086.shtml
,壮硕男子当街暴打猛踢女服务员 多人围观却不制止,13965,http://news.163.com/17/0509/09/CK00NCKG0001875P.html,藏獒连伤5人咬断主人手指 特警将其捕杀,3,http://news.sohu.com/20170509/n492275946.shtml
,新生儿手握避孕环出生：”想搞死老子没那么容易”,6,http://news.163.com/17/0509/10/CK069NKS0001875P.html,清华大学教授颜宁受聘普林斯顿大学,0,http://news.sohu.com/20170509/n492274026.shtml
,不寒而栗！美国纽约州惊现“幽灵”女孩,2129,http://society.qq.com/a/20170507/007657.htm,香港小孩备战幼升小:有人同时上六个兴趣班,0,http://news.163.com/17/0509/13/CK0E3UE00001875P.html
,女子在电梯里上厕所 监控拍下全过程,2435,http://henan.qq.com/a/20170506/032237.htm#p=2,广州传媒控股公司原副总徐卫涉嫌贪污等三罪被诉,1,http://news.163.com/17/0509/11/CK090BM90001875P.html
,2岁女童10楼坠亡 事发时正和爸妈看房,674,http://society.qq.com/a/20170508/002200.htm,幼儿园校车核载15人实载39人 园长驾驶员被刑拘,1,http://news.163.com/17/0509/12/CK0AE37400018AOQ.html
,大叔为少喝2碗酒连吞2支笔 36年后取出笔芯完好,317,http://society.qq.com/a/20170508/008089.htm,济南一小区三处违建强拆2年未果 部门回复:月底拆,2,http://news.163.com/17/0509/12/CK0CVOO800018AOP.html
,探秘全球首架787梦想商务机：收费50万/小时,222,http://society.qq.com/a/20170508/030149.htm,"孕妇送医途中死亡 家属""讨说法""暴力抗法2人被拘",45,http://news.163.com/17/0509/12/CK0DEF7P0001875P.html
,中国网络文学走红海外 美外交官也是粉丝,0,http://news.qq.com/a/20170509/001594.htm,南京一开发商没证就开卖交钱可选房 房管部门回应,964,http://news.163.com/17/0509/10/CK04HH8K000187VE.html
,这是我见过上地铁排得最整齐的队(图),6,http://news.sohu.com/20170509/n492289405.shtml,三人一心想发财结伙盗掘汉代古墓 第二次返回被抓,2,http://news.163.com/17/0509/09/CK012TR6000187VF.html
,古稀老太报警：遭黑客病毒攻击 眼睛视力下降,205,http://news.sohu.com/20170509/n492276690.shtml,房产户籍地址“打架” 居民疲于开证明,14,http://news.163.com/17/0509/06/CJVNI60G00018AOP.html
,年薪这个数就是“新锐中产”？可95%的人仍焦虑,1026,http://news.sohu.com/20170509/n492281487.shtml,广东自2015年以来共追回290名外逃人员,0,http://news.163.com/17/0509/00/CJV41OFF00018AOP.html
,西安试点新风进校园 就算雾霾天也可以放心呼吸,3,http://news.sohu.com/20170509/n492275908.shtml,大巴撞上2.5米限高杆受损严重 肇事后驶离现场,1,http://news.163.com/17/0509/00/CJV16ADF00018AOP.html
,初中女生画6米长另类毕业照 同学都变成小动物,229,http://news.sohu.com/20170509/n492275434.shtml,两男子网淘象牙制品出售牟利 均获刑半年,0,http://news.163.com/17/0509/13/CK0FG4BR00018AOQ.html
,“不听话就把你交给派出所”？妈妈真这么干了,309,http://news.sohu.com/20170509/n492275717.shtml,济南百米马路洒了一层柴油 过路人打滑摔倒,0,http://news.163.com/17/0509/13/CK0FRQTR00018AOP.html
,女子“怀孕”17年 腹中取出东西都有头发和牙了,2,http://news.sohu.com/20170509/n492268436.shtml,安徽省广播电视台一科长涉嫌巨额受贿被立案侦查,0,http://news.163.com/17/0509/13/CK0GABD80001875P.html
,小偷蹭婚宴欲下手不料全是警察 网友:刺不刺激,4,http://news.163.com/17/0509/10/CK05KNGJ0001875P.html,婴儿被遗弃在建筑工地 警方给弃婴父母时间未立案,1,http://news.163.com/17/0509/13/CK0E98LI00018AOP.html
,"男子街头""卖妻救女"" 妻子身穿婚纱为娃求救命钱",49219,http://news.163.com/17/0509/11/CK092SL00001875P.html,"卖鹦鹉被判刑 也拦不住鹦鹉交易市场""欣欣向荣""",440,http://news.sina.com.cn/s/wh/2017-05-10/doc-ifyeycfp9417923.shtml
,"直播平台涉嫌传播淫秽信息 ""黄鳝门""女主播被抓",10192,http://news.163.com/17/0509/11/CK07QA1F0001875N.html,“候鸟妈妈”回家了！ “女儿在哪儿，我就在哪儿”,1,http://news.sina.com.cn/s/2017-05-10/doc-ifyeycte9335259.shtml?cre=societypc&mod=inf&loc=1&r=0&doct=0&rfunc=76&tj=none&s=0
,传销培训课程曝光:带强烈性暗示 女学员穿比基尼,6265,http://news.163.com/17/0509/11/CK09TU990001875P.html,男子在四川绵阳机场净空区放飞无人机 被拘5天,307,http://news.sina.com.cn/o/2017-05-09/doc-ifyeycte9273803.shtml
,悬疑！女子报警称酒醉被抢 监控却显示犯人不存在,1278,http://news.163.com/17/0509/07/CJVRJAQN0001875P.html,甘肃一小学禁止学生早到校：为防老师家长监督空档,0,http://news.sohu.com/20170510/n492419393.shtml
,妻子在丈夫出轨后与领导缠绵 促成丈夫与领导换妻,1976,http://news.163.com/17/0509/00/CJV16B4100018AOP.html,云南省第一监狱越狱犯张林苍落网(图),3,http://news.sohu.com/20170510/n492417872.shtml
,奸杀11人白银案嫌犯:杀完8岁女孩很渴 喝了整杯水,53827,http://news.163.com/17/0508/22/CJUSCL460001875P.html,丽江市古城区查获100多件珍贵濒危野生动物制品,0,http://news.163.com/17/0510/10/CK2LRBUF000187VG.html
,女学员投诉驾校男教练:手不是摸大腿就是握手上,21484,http://news.163.com/17/0508/21/CJUNSUSI0001875P.html,"民生银行再现亿元""飞单案"" 投资人追讨资金3年无果",5,http://news.163.com/17/0510/10/CK2NQOAA0001875P.html
,爆笑来袭！史上最“拙劣”嫌犯画像也能破案？,48,http://news.163.com/17/0508/20/CJUK5VN70001875P.html,福建警方查获非法制造枪支案件 一男子被捕,0,http://news.163.com/17/0510/10/CK2MUT6M00018AOQ.html
,"70岁老人开""过期食品""超市 引得米其林主厨加入",19,http://news.163.com/17/0509/13/CK0F6FC20001875P.html,房产“蒸发”17平方米 卖家要赔205万,2905,http://www.toutiao.com/a6418197675690705153/
,小伙把自己关冰柜闻汽油味 遗体腐烂才被发现,5,http://news.sina.com.cn/s/wh/2017-05-10/doc-ifyeychk7206900.shtml,"台""立法院""旁现枪击案 男子疑遭枪击意识不清送医",1,http://war.163.com/17/0510/08/CK2HOQG8000181KN.html
,小学副校长涉性侵未成年女生被抓 受害人已怀孕,8,http://news.sina.com.cn/o/2017-05-10/doc-ifyexxhw3009245.shtml,感动！医生为舒缓产妇紧张情绪 紧握其手给其力量,246,http://news.163.com/17/0510/08/CK2FVNNA00014AEE.html
,月收入轻松过万？外卖小哥:全月无休才挣7千,9,http://news.sina.com.cn/c/2017-05-10/doc-ifyeycte9341013.shtml,50年前贫困夫妻忍痛送女 半世纪后失散家人重聚,512,http://news.163.com/17/0510/08/CK2FSE0S000187VI.html
,"昆明一陵园频频接""午夜凶铃"" 接通后对方不说话",141,http://news.sina.com.cn/s/wh/2017-05-10/doc-ifyeycte9319268.shtml,员工卖不出粽子就要扣工资？ 酒店称误会一场,40,http://news.163.com/17/0510/07/CK2C0KFR00018AOP.html
,英国学校用尸血治疗血友病儿童 72人染艾滋死亡,64,http://news.sina.com.cn/s/wh/2017-05-09/doc-ifyeychk7197707.shtml,四川野生杜鹃遭破坏 涉事男子被行政处罚,8,http://news.163.com/17/0510/02/CK1SQJ1P000187VI.html
,山东女子直播割腕自杀 网警赶到时轻生女已昏迷,0,http://news.sohu.com/20170510/n492419293.shtml,拆掉五层楼高的广告牌，千佛山终于“露脸”了！,0,http://ql1d.com/newsjin/show/source/rss/type/1/id/4276662.html?tt_group_id=6418260513382482178
,杀害广外女生嫌犯被公诉 称“砍人进监牢有饭吃”,0,http://news.sohu.com/20170510/n492416435.shtml,云南在押逃犯张林苍被抓 目击者称抓捕现场“火光冲天”,1,http://www.toutiao.com/a6418326088049312001/
,小和尚把地雷当球踢 玩了几天突然爆炸,446,http://society.qq.com/a/20170510/006523.htm#p=1,最新子女抚养费标准2017,9,http://www.toutiao.com/a6378242372471537922/
,套路深！渣男扮记者约美女 让女方付房费,1128,http://cd.qq.com/a/20170510/005689.htm,军人探亲路费标准公布，请参照执行！,77,http://www.toutiao.com/a6418296876698075393/
,蓝鲸自杀游戏玩家多为学生 共青团:启动捕鲸计划,773,http://news.163.com/17/0510/10/CK2MN9P90001875P.html,“离婚吧！凭什么你尽孝可以光明正大，我就得偷偷摸摸”,557,http://www.toutiao.com/a6414398846322868738/
,"少女遭恐怖分子劫持拒绝""释放"":很快乐不想离开",0,http://news.163.com/17/0510/10/CK2O2O9O0001875P.html,京GNU577，你以罚款5200、记18分并处拘留荣登榜首！,94,http://www.toutiao.com/a6418136806260277506/
,辣眼睛！排气扇太小 笨贼脱光衣服全裸进店盗窃,5,http://news.163.com/17/0510/10/CK2M6GFT0001875P.html,俄罗斯土豪两艘价值50多亿游艇同时现身,52,http://society.qq.com/a/20170510/022715.htm#p=1
,碰瓷者在女司机车前躺下，女司机一脚油门，车子就过去了！,411,http://www.toutiao.com/a6417956358629163266/,云南被捕越狱犯父亲:家里都好 莫牵挂好好改造,11,http://news.163.com/17/0510/13/CK32PIDF0001875P.html
,山西太原迎泽公园游乐设施臂杆断裂 4人被困半空,20,http://news.163.com/17/0510/08/CK2GS74100018AOQ.html,广西失踪男子晕倒湖南常德 医院开通绿色通道救治,1,http://news.163.com/17/0510/12/CK2T8FBC000187VG.html
,厂家揭秘抓娃娃机曝抓娃娃技巧 原来黑幕这么大,239,http://news.163.com/17/0510/08/CK2G3C0D0001875P.html,嚣张！男子骑无牌车遇检查 一脚踹倒警察扬长而去,8280,http://news.163.com/17/0510/13/CK31H5U50001875P.html
,他是家喻户晓的童星，昔日红极一时，如今竟靠垃圾桶掏食为生？,376,http://www.toutiao.com/a6417954179482861825/,济南外卖小哥走机动车道被查 反呛交警多管闲事,88,http://news.163.com/17/0510/12/CK2VBME700018AOP.html
,“男女同学聚会，最忌讳做的四件事”,27,http://www.toutiao.com/a6417943791987065089/,少年离家出走不慎落水 警民合力搜寻将其救起,0,http://news.163.com/17/0510/13/CK313SHS000187VG.html
,端午节就要到了，你的社保也迎来三大变化！,440,http://www.toutiao.com/a6417944514045444353/,为救助流浪狗，从一个千万富翁变成了一个需要社会上人员资助,12,http://www.toutiao.com/a6418151030677553409/
,高楼起火，到底往上跑还是往下跑？读完这篇你可能就懂了,837,http://www.toutiao.com/a6402054108979937538/,1983：牛玉强——“中国最后一个流氓”,33,http://www.toutiao.com/a6418167692066488577/
,用我的经历告诉你，为什么不要随便告诉别人工资！,654,http://www.toutiao.com/a6416589792888226050/,成都红星路化了个妆 戴上这些“花环”妖艳多了 ,4,http://www.toutiao.com/a6418165958092194049/#p=1
,画中画，听说是右脑发达的人才能看见 ,9562,http://www.toutiao.com/a6415470339027288322/#p=1,这个地方曾经人山人海，如今又为什么荒无人烟 ,177,http://www.toutiao.com/a6416232077822247169/#p=1
,我的家是车祸现场!一农家院门前1年发生48起车祸,430,http://news.163.com/17/0510/07/CK2EGD3U0001875P.html,您有一条超速94%的交通违法信息请速查收,171,http://www.toutiao.com/a6418046015060590850/
,男子深夜打车却不乘 骗的哥代运整箱大麻,257,http://news.163.com/17/0510/06/CK2BCVA2000187VI.html,逃犯张林苍被抓细节:武警鸣枪警告无效后击伤其腿,431,http://news.163.com/17/0510/13/CK32BVCC00018AOR.html
,海南一小学副校长涉嫌性侵未成年女生被抓,34,http://news.163.com/17/0510/05/CK25NFPJ00018AOP.html,图片故事：回不去老厂回不去时间 探访重庆山里的“军工”,82,http://www.toutiao.com/a6418286952593178881/#p=1
,"多社交平台查删""蓝鲸游戏""群组 女生入群要交裸照",26714,http://news.163.com/17/0510/02/CK1SQJ37000187VI.html,"海洋公园回应海豚带伤表演:系发情期""撕咬""所致",0,http://news.163.com/17/0510/15/CK38HOJB00018AOR.html
,泰国女同和变性人结婚 准备生孩子,39,http://news.163.com/photoview/00AP0001/2254455.html#p=CK2IFG1F00AP0001,广州荔湾区一幼儿园午休室突然起火 幸无人伤亡,0,http://news.163.com/17/0511/06/CK4S1VOP00018AOP.html
,熊孩子贪玩划花小区多辆轿车，家长得知后当场被气晕 ,255,http://www.toutiao.com/a6411116201850470657/#p=1,男子开奔驰拒缴10元过路费：家在附近不需要给,1,http://news.163.com/17/0511/08/CK544L6Q0001875P.html
,拾荒者睡桥洞三年自创彩票算法 称3小时可算出开奖号码,241,http://www.toutiao.com/a6418318267286290946/,"男子突然收到儿子""遗书"" 原为军队组织写信活动",18,http://news.163.com/17/0511/07/CK50AQQP0001899N.html
,警示！新的碰瓷手段，可能让你倾家荡产,35,http://www.toutiao.com/a6418316988476670210/,海口叫停萤火虫文化节 专家:盲目放生或影响生态,309,http://news.163.com/17/0511/01/CK4BEK9R000187VI.html
,非洲人有了手机却没办法充电，于是…… ,59,http://www.toutiao.com/a6416666816805961986/#p=1,女司机深夜开保时捷撞派出所大门：对处理结果不满,58,http://news.sohu.com/20170511/n492562574.shtml
,交警喜欢查什么样的车，你中招没？,11,http://www.toutiao.com/a6416640036137435393/,共享单车海淀智享遇冷：数量投入不足 骑行范围受限,0,http://www.chinanews.com/sh/2017/05-11/8220669.shtml
,山东一女子直播割腕 网警赶到时轻生女已昏迷,4,http://news.163.com/17/0510/11/CK2Q9NU30001875P.html,云南昆明：监狱逃犯逃亡9天后被抓获,,http://news.cctv.com/2017/05/10/ARTIv86gaF6aCUj1nBB3CJgn170510.shtml
,厨师潜伏后厨一年，列出地沟油的黑色菜单，外出点菜必须注意！,200,http://www.toutiao.com/a6418195244823150849/,杜鹃花怒放 漫山花海惹人醉,,http://news.cctv.com/2017/05/10/ARTI5SV3JrewDLbcTC68Ct3X170510.shtml
,网友曝北电学生遭班主任之父性侵 北电官博被刷爆,169,http://society.qq.com/a/20170510/023587.htm,重庆：货车拖浓烟过隧道 影响交通被查处,,http://news.cctv.com/2017/05/09/ARTIYd0OEQyLZ1WC6lNNYbQD170509.shtml
,长沙一名六旬保安写4页情书给女业主 直呼宝贝爱妻,161,http://bj.jjj.qq.com/a/20170509/038113.htm#p=1,武汉：女童跨市求医 警车开道全程护送,,http://news.cctv.com/2017/05/09/ARTIN1pT9t8mXPOqHWrFhss5170509.shtml
,2岁幼童3楼坠落 小学女生路过徒手追接,6,http://news.163.com/17/0510/13/CK3392400001875P.html,孕妇临盆司机违法驾车 民警温情当代驾,,http://news.cctv.com/2017/05/09/ARTIHwiaOsQpOSkKwuw8IMaC170509.shtml
,大学生菜场直播卖菜 每天卖出3000斤收入超白领,19,http://news.163.com/17/0510/13/CK32ACG80001875P.html,展现我国考古成果 近400件珍贵藏品18日将亮相首博,,http://news.cctv.com/2017/05/09/ARTIX9UaImJpddKMxwtj69a1170509.shtml
,"多名男子花数万彩礼""娶""妻 不足1月新娘集体失踪",931,http://news.163.com/17/0510/13/CK310D1A0001875P.html,iPhone流水线上的青春,365,http://news.sohu.com/20170504/n491758468.shtml
,"海口一动物园被指""动物炼狱"":爬虫馆半数蛇成蛇干",377,http://news.163.com/17/0510/13/CK310QMC000187VE.html,海口一海鲜坊因商业贿赂、虚假宣传被罚258万元,2,http://news.sohu.com/20170510/n492423824.shtml
,山东济宁一居民家中煤气爆炸 阳台一面墙被炸掉,0,http://news.163.com/17/0510/11/CK2R101000018AOP.html,10岁男孩被爷爷扔路边：只因有两张试卷没做完,149,http://news.sohu.com/20170504/n491748755.shtml
,车上装一个“流氓钩”，据说可以防追尾？,1,http://www.toutiao.com/a6418339196163490049/,南京一大楼突然塌方险些砸中面包车 暂无人员伤亡,1,http://news.sohu.com/20170504/n491741423.shtml
,一万年都用不到一楼的电梯，结果该交的电梯费一分也少不了！,329,http://www.toutiao.com/a6415826628019339522/,河北省副省长：确保河北奥体中心7月底建成启用,0,http://news.sohu.com/20170504/n491728915.shtml
,这五种情况可以多拿工资，你知道吗？,1,http://www.toutiao.com/a6418014350757347585/,茅台划定批发价零售价两红线：从讲政治高度看价,513,http://news.sohu.com/20170504/n491728724.shtml
,全球最年轻领导人:这位女元首29岁 比金正恩还小,25506,http://news.163.com/17/0509/16/CK0R7FE30001875O.html,北京商住楼盘现场：中介门店改成便利店,115,http://news.sohu.com/20170504/n491713151.shtml
,"""劝生人员""藏身""蓝鲸游戏""群 曾劝回多名欲自杀者",868,http://news.163.com/17/0510/14/CK34UFUH000187VE.html,铁路部门就围棋国手被降座致歉：列车员应做好解释,341,http://news.sohu.com/20170504/n491691908.shtml
,云南落网越狱逃犯曾在部队服役5年 系散打高手,13,http://news.163.com/17/0510/15/CK37IKVN00018AOR.html,排爆专家福建无人区引爆300公斤美式航弹,8,http://news.sohu.com/20170504/n491686205.shtml
,彪悍！女司机倒车撞塌房子 又一脚油门撞飞前车,572,http://news.163.com/17/0510/14/CK3640HQ0001875P.html,女法医工作13年不敢化妆喷香水：破坏现场气味,263,http://news.sohu.com/20170504/n491681470.shtml
,成都63岁大爷嫖娼未遂 被2名假警察敲诈1万元,797,http://news.163.com/17/0510/13/CK325PTV0001875P.html,国土资源部：新发现大中型及以上金矿70多处,116,http://news.sohu.com/20170503/n491595846.shtml
,乘客带手风琴上飞机 空乘要求其弹一首曲子才罢休,1329,http://news.163.com/17/0510/13/CK30RK020001875P.html,河南安阳殷墟发现18座匈奴墓葬 距今1800年,45,http://news.sohu.com/20170503/n491597212.shtml
,"重庆现""五星级""""土豪""公厕 每个耗资100万元",30760,http://news.163.com/photoview/00AP0001/2254457.html#p=CK2JJ31700AP0001,大兴安岭毕拉河森林火灾：系司炉工倒燃烧残渣引发,0,http://news.sohu.com/20170503/n491602104.shtml
,南郊某小区一女性堕楼身亡!韶关五日三起轻生事件,,http://m.gmw.cn/gallery/201705/10/24438346.html?tt_group_id=6418336020077773058,铁岭落马公安局长谷凤杰患重疾 暂予监外执行一年,0,http://news.sohu.com/20170503/n491595360.shtml
,中国“最具吸引力”10大城市，你的家乡上榜没？,,http://m.21so.com/2017/qqb21news_0509/55516_w.html?tt_group_id=6418097421960724738,国家外汇管理局副局长邓先宏逝世 享年60岁,0,http://news.sohu.com/20170503/n491595021.shtml
,男孩放学被陌生女债主拖走 保安隔着马路看穿险情,656,http://news.163.com/17/0510/15/CK38QRRS0001899N.html,国产大飞机C919计划5月5日首飞,1049,http://news.sohu.com/20170503/n491577887.shtml
,小伙子菜市场卖菜 四个平台直播全程,869,http://news.163.com/photoview/00AP0001/2254562.html#p=CK3CBJFM00AP0001,铁岭落马公安局长暂予监外执行 曾接替王立军任职,55,http://news.sohu.com/20170503/n491578355.shtml
,"尼加拉瓜牧师为女子""驱魔""致其活活烧死 获刑30年",39,http://news.163.com/17/0510/16/CK3C08DI0001875P.html,领导司机用工作之便索贿100万 被判5年罚款30万,0,http://news.sina.com.cn/c/2017-05-11/doc-ifyfecvz0879417.shtml
,六旬大爷独居深山，将自己打扮成女人，每次出门上街常遭人冷眼！,63,http://www.toutiao.com/a6418145542798573825/#p=1,男子冒充张学良曾孙签订劳动合同被判无效,58,http://news.sohu.com/20170503/n491545981.shtml
科技,日本遭遇50年来首次沙尘暴 日媒：从中国吹来的,3028,http://tech.163.com/17/0509/10/CK04M0K500097U81.html,魅族架构改革建三大事业部：黄章亲自挂帅为上市 ,2324,http://tech.163.com/17/0509/10/CK04OO4J00097U7S.html
,"Apple Pay啃不动中国市场 源于微信支付宝""太强""?",2098,http://tech.163.com/17/0509/07/CJVQ10P300097U7T.html,重温卡西尼号拍下的最壮观土星图片,684,http://tech.163.com/photoview/0AI20009/14931.html#p=CK00JL9J0AI20009
,百度6月1日起将全面实行实名制 用户必须绑定手机,1,http://tech.163.com/17/0509/14/CK0HFBSB00097U7R.html,袁隆平：海水稻技术可增1亿亩良田多养活8千万人,1858,http://tech.163.com/17/0509/11/CK095P5P00097U81.html
,谷歌神秘新系统有了图形界面：以后会取代安卓吗,2015,http://tech.163.com/17/0509/07/CJVS7O5800097U7T.html,中消协约谈易到:尽快解决打车难、退款难和沟通难,2,http://tech.163.com/17/0509/14/CK0H337500097U7R.html
,滴滴在北京推“豪华车”：价格比专车还贵了一倍,983,http://tech.163.com/17/0509/10/CK06BETH00097U7R.html,联通董事长王晓初:正与十部委沟通混改 难度不小,107,http://tech.163.com/17/0509/11/CK087D5800097U7S.html
,从财报看，京东是如何实现上市后首次单季盈利的,661,http://tech.163.com/17/0509/09/CK022I2R00097U7R.html,法拉第放出FF91新宣传片，可什么时候量产上市,362,http://tech.163.com/17/0509/12/CK0AHM0100097U7T.html
,"百度做社交了？还捡起了几年前的""校内网""模式？",158,http://tech.163.com/17/0509/12/CK0BFPIA00097U7R.html,"共享充电宝行业太火，""Hi电""获近亿元A轮融资",148,http://tech.163.com/17/0509/10/CK03O82100097U7R.html
,机器人不仅会“读心术” 它还能画出来你在想什么,3,http://tech.163.com/17/0509/11/CK07GDG300098GJ5.html,金山软件宣布准备拆分办公软件到深交所上市,0,http://tech.163.com/17/0509/14/CK0HAKNL00097U7T.html
,易评机：谜一样的成都机场无人机“黑飞”事件,1178,http://digi.163.com/17/0509/00/CJV2RP6T001680OS.html,"""硅谷最精明投资人""大赞马斯克：当代“爱迪生”",12,http://tech.163.com/17/0509/09/CK037V9100097U7T.html
,中科院院士：去小行星采矿中国10年内就能做到,6130,http://tech.163.com/17/0509/07/CJVPMHPE00097U81.html,豪掷160亿美元，私募股权公司KKR拟收购东芝芯片部门,2,http://tech.163.com/17/0509/09/CJVVVKVS00097U7R.html
,刘强东：京东长期利润会超过任何一家线下企业,12538,http://tech.163.com/17/0509/07/CJVQ5UB300097U7R.html,易到拿到北京网约车许可证 但不意味着不用管控,347,http://tech.163.com/17/0509/08/CJVU83U700097U7R.html
,看看苹果面试提的44个奇葩问题，你能回答出几个,84,http://tech.163.com/17/0509/10/CK05H2SU00097U7T.html,百度游戏业务分拆出售 更名为多酷游戏,2,http://tech.163.com/17/0509/10/CK03GG0C00097U7R.html
,英国男子称iPhone7在接电话时爆炸：幸好手没残,103,http://tech.163.com/17/0509/09/CK03319A00097U7S.html,潘多拉第一季度营收3.16亿美元 净亏1.32亿美元,9,http://tech.163.com/17/0509/07/CJVQB5L300097U7R.html
,“理想主义企业家”贾跃亭能渡过此劫吗？,361,http://tech.163.com/17/0509/09/CK02VQ4H00097U7R.html,高通：支持QC4.0快充的智能手机将于年中到来,84,http://tech.163.com/17/0508/21/CJUMSAJL00097U7T.html
,“老虎”直播平台被打，“黄鳝门”女主播被抓,106,http://tech.163.com/17/0509/11/CK08U80M00097U82.html,深交所问了乐视网16个问题:是否存关联方资金占用,249,http://tech.163.com/17/0508/15/CJU5033R00097U7R.html
,微软布局人工智能，就押注在这两大杀器上了？,0,http://tech.163.com/17/0509/08/CJVVGH4S00098GJ5.html,联通董事长：正与十个部门沟通混改，希望改革后真正独立运营,34,http://tech.qq.com/a/20170509/020333.htm
,移居月球靠啥盖房？用月球土壤就可3D打印成砖块,2,http://tech.163.com/17/0509/10/CK047VOH00097U81.html,《纽约时报》数字业务收入在过去六年翻了一番,1,http://tech.qq.com/a/20170509/022843.htm
,为霾所困 韩国人不服:怪中国来的西风和本地烤鱼,487,http://tech.163.com/17/0509/07/CJVP9G4900097U81.html,第一季度美国科技行业发生486宗收购活动 同比增28%,0,http://tech.qq.com/a/20170509/006038.htm
,警惕！引诱青少年自杀的蓝鲸游戏已来到国内,41,http://tech.163.com/17/0509/10/CK04L2IP00097U7R.html,苹果在欧美增建数据中心 拟用服务接力硬件收入,1,http://tech.qq.com/a/20170509/016666.htm
,Unanimous A.I.准确预测法国总统，背后靠什么？,0,http://tech.163.com/17/0509/08/CJVVA96G00098GJ5.html,巴菲特的中国朝圣者：组团参会团费15万，王石站台比亚迪,12,http://tech.qq.com/a/20170509/017393.htm
,大数据画像：空巢青年钱不多但信用好,5,http://tech.163.com/17/0509/11/CK08HTO300097U7R.html,苹果大幅降低外部广告伙伴佣金分成 从7%降低到2.5%,5,http://tech.qq.com/a/20170509/006894.htm
,今后持银联卡在澳门ATM取钱要先“刷脸”,40,http://tech.163.com/17/0509/07/CJVR7GIA00097U82.html,华尔街调高苹果目标股价 市值将率先突破1万亿美元,154,http://tech.qq.com/a/20170508/057510.htm
,美女创业者一年半败光5000万?这事剧情反转再反转,3823,http://tech.163.com/17/0508/08/CJTA519300097U7R.html,亚马逊将统领美国智能音箱市场 今年有望独占70.6%份额,7,http://tech.qq.com/a/20170508/057923.htm
,人才难留?研发人员税负过重，月薪6万到手3万多,6355,http://tech.163.com/17/0508/09/CJTDKIOT00097U81.html,圆通曲线登陆港股 10亿港元收购先达国际物流控股权,7,http://tech.qq.com/a/20170509/005485.htm
,索尼与松下都开始做养老产业，顺便还能卖家电,0,http://tech.163.com/17/0509/09/CK03A85600097U7T.html,戴尔公开风投基金戴尔科技资本 年投资额约1亿美元,0,http://tech.qq.com/a/20170508/057889.htm
,不惧危险?调查显示40%的人希望拥有一辆飞行汽车,36,http://tech.163.com/17/0508/20/CJULFL2C00097U7T.html,东南亚电商Garena获5.5亿美元融资 更名为Sea,2,http://tech.qq.com/a/20170508/034995.htm
,Facebook在英国大选前打广告：“假新闻”有毒,82,http://tech.163.com/17/0508/18/CJUDGP0N00097U7R.html,圆通曲线登陆港股 10亿港元收购先达国际物流控股权,1,http://tech.sina.com.cn/i/2017-05-08/doc-ifyeychk7154825.shtml
,Facebook宕机 全球人民都吓坏了,30,http://tech.qq.com/a/20170509/021019.htm,亚马逊占据智能音箱7成市场 触屏Echo或使其优势更大,0,http://tech.sina.com.cn/it/2017-05-09/doc-ifyeycfp9381051.shtml
,共享充电宝要翻越三座大山,8,http://tech.qq.com/a/20170509/005024.htm,芝麻分600+重磅福利！再也不用买新手机了,505,http://www.toutiao.com/a6418086829269991682/
,途牛订好的酒店“不存在” 耽误行程每人仅获赔100元,28,http://tech.qq.com/a/20170509/006641.htm,HoloLens国行版终于来了，开发者版本售23488元,1985,http://tech.163.com/17/0510/09/CK2JFFIU00097U7T.html
,Facebook报纸上刊登整版广告 教人们识别假新闻,6,http://tech.qq.com/a/20170509/005025.htm,40天投入12亿元，共享充电宝的投资人们究竟图啥,42,http://tech.163.com/17/0510/14/CK3604QO00097U7R.html
,iPhone为何国内卖不动？外媒：微信太火,2162,http://tech.qq.com/a/20170508/031924.htm,与王思聪斗嘴背后，聚美投共享充电宝成败几何？,865,http://tech.163.com/17/0510/10/CK2OAFU200097U7R.html
,48条小米生态链战地法则：发动攻击就要像狼群一样,76,http://tech.qq.com/a/20170508/050004.htm,2017新财富500富人榜：贾跃亭财富同比缩水295亿,1372,http://tech.163.com/17/0510/07/CK2CR3FM00097U7R.html
,Spotify创始人写信给欧盟：指控苹果和谷歌滥用霸权,0,http://tech.qq.com/a/20170508/057825.htm,董明珠今年第二次增持格力电器:耗资95万买3万股,237,http://tech.163.com/17/0510/10/CK2P179100097U7R.html
,移动银行改变穷人生活 盖茨这七大疯狂预言都有可能现实,73,http://tech.qq.com/a/20170508/033719.htm#p=1,乐视网高管3亿增持计划将延期 并给出三个理由,1209,http://tech.163.com/17/0510/07/CK2E7N7900097U7R.html
,打车应用Uber将死于无人驾驶技术之手 来看看为什么,6,http://tech.qq.com/a/20170508/032463.htm,美专家团队：发现决定头发颜色的蛋白质,0,http://tech.163.com/17/0510/13/CK327O5M00097U81.html
,这根卖 200 多块的“大香蕉”，想让你把 iPhone 扔到一边 ,20,http://www.sohu.com/a/139242518_413981?loc=1&focus_pic=0,联通正与10家部委沟通混改 分析:动机是资金短缺,434,http://tech.163.com/17/0510/07/CK2DB7F500097U7S.html
,当人工智能学会“读唇术”，究竟意味着什么 ,1,http://www.sohu.com/a/139255249_130496,传软银下周将宣布旗下科技基金已注资950亿美元,31,http://tech.163.com/17/0510/07/CK2CE2LP00097U7R.html
,米6质量问题频发，小米还有希望重回巅峰吗？ ,0,http://www.sohu.com/a/139242793_116706?loc=1&focus_pic=0,法国环境部:除了授权海洋馆 禁止圈养海豚和鲸,1,http://tech.163.com/17/0510/14/CK36L6C000097U81.html
,你能为了保护地球做到什么地步？比如，以后改吃肉虫子？ ,2,http://www.sohu.com/a/139166631_119097,矛盾与压力：亚马逊推触摸屏Echo是变性之危？,2,http://tech.163.com/17/0510/08/CK2HP33000097U7R.html
,王思聪愿为它吃翔，马化腾却投资：共享充电宝已疯？,0,http://tech.sina.com.cn/zl/post/detail/i/2017-05-09/pid_8510834.htm,滴滴上月融资55亿美元 其中软银投入了20亿美元,177,http://tech.163.com/17/0510/07/CK2CLTNE00097U7R.html
,外卖副总裁离职了，百度O2O业务还能走多远？,0,http://tech.sina.com.cn/zl/post/detail/i/2017-05-09/pid_8510837.htm,LGD回应OLED项目落户传闻：目前没有这个想法,1,http://tech.163.com/17/0510/15/CK37CFCM00097U7T.html
,音悦Tai怎么了：曾融资千万美金，如今战略收缩资金吃紧,0,http://tech.sina.com.cn/zl/post/detail/i/2017-05-09/pid_8510825.htm,6000亿市场空间 2020年有150架C919批量生产能力,25,http://tech.163.com/17/0510/07/CK2C62LU00097U81.html
,Facebook假新闻又来干扰大选？这次是英国中招,2,http://tech.sina.com.cn/i/2017-05-09/doc-ifyeychk7166536.shtml,欧盟10亿欧元量子研究将会在今年接受项目申请,0,http://tech.163.com/17/0510/15/CK376TN600097U81.html
,支付宝在美国新进展：又有400万美国商户接受支付宝,31,http://tech.sina.com.cn/i/2017-05-09/doc-ifyeycfp9382638.shtml,多国政策松动推动上涨：比特币步入万元时代,4,http://tech.163.com/17/0510/16/CK3CF61900097U7R.html
,芝麻信用、腾讯征信……你们在无照裸奔呦,2,http://tech.sina.com.cn/zl/post/detail/i/2017-05-09/pid_8510840.htm,知识付费也有了盗版：价值上千元内容仅售20块！,313,http://tech.163.com/17/0511/07/CK50VVKI00097U7R.html
,王思聪又开始怼上了，陈欧大手笔狂甩30亿反击！,562,http://www.toutiao.com/a6416836738522218753/,英伟达花30亿美元打造这款AI芯片 售14.9万美元,320,http://tech.163.com/17/0511/08/CK53QMEC00097U7T.html
,原创｜王卫仍然拒绝见马云，两个大佬间到底有什么恩怨？,249,http://www.toutiao.com/a6410262163575111938/,中国联通继续停牌2个月：混改谈判还在过程中,152,http://tech.163.com/17/0511/08/CK539L2300097U7S.html
,未来十年，这20个预言将成为现实！你信吗？,204,http://www.toutiao.com/a6418002416263758338/,“追风者”：看在危险中寻求刺激的冒险者们,0,http://tech.163.com/photoview/0AI20009/14940.html#p=CK57CHAC0AI20009
,你的手机号可能曾经不是你的，你手机号的上一任主人是谁？,2515,http://www.toutiao.com/a6411260642866856194/,开发者福利，微软正式推出Mac版Visual Studio,479,http://tech.163.com/17/0511/07/CK4UMHEE00097U7T.html
,王思聪怼错了人，少年成名的陈欧可是富二代们的偶像！,123,http://www.toutiao.com/a6417682398238179586/,上市后首季度财报不如人意，Snap股价狂跌25%,2,http://tech.163.com/17/0511/07/CK4UTHDO00097U7R.html
,映客终于找到 “接盘侠”，但却离巨头位置越走越远,3,http://www.toutiao.com/a6418275705121014017/,2017GPU技术大会英伟达:千人数年30亿美元打造全新计算卡 ,12,http://dy.163.com/v2/article/detail/CK4U0T4F05119734.html
,刘强东被问：你的父母为啥不在京东买东西？刘强东的回答很机智！,392,http://www.toutiao.com/a6416664236667306242/,在黄仁勋进行AI演讲时，英伟达股价再次暴涨17%,9,http://tech.163.com/17/0511/08/CK53VEFG00097U7T.html
,看完小米雷军的抽烟姿势，再看看马云的，这姿势一个比一个销魂！,50,http://www.toutiao.com/a6418141908770046210/,特斯拉接受太阳能屋顶预定 6月份开始在加州安装,166,http://tech.163.com/17/0511/07/CK50NV7M00097U7T.html
,共享篮球来了，共享雨伞也来了，共享女友还远吗？,14,http://www.toutiao.com/a6418128983238951169/,曾经的反转基因活动家访华：中国反转观点已过时,116,http://tech.163.com/17/0511/08/CK548KLV00097U81.html
,豆瓣9.6，这部高分美剧绝对是理工男的最爱！,12,http://www.toutiao.com/a6418033109308899586/,美国对14家中企发起专利侵权调查 涉及可折叠插座,2,http://tech.163.com/17/0511/09/CK5714ER00097U82.html
,总跟马云在一起的大胡子是谁？都说他没落了，但没他可能就没马云,296,http://www.toutiao.com/a6414003967425265921/,痴迷博朗50年后，这位设计师决定把收藏全部捐出,2,http://tech.163.com/17/0511/08/CK53Q16N00097U7T.html
,王思聪你怎么看？共享雨伞也来了 网友高呼：想要共享女友,36,http://www.toutiao.com/a6418341547235115266/,配送机器人市场化临近: Loomo Go预计三季度量产,9,http://tech.163.com/17/0511/08/CK51FCP500097U7T.html
,有一种食堂叫阿里巴巴食堂：羡慕嫉妒恨啊,3770,http://www.toutiao.com/a6412714921074901249/#p=1,Echo配上触摸屏 亚马逊智能音响的路子可能偏了？,2,http://tech.163.com/17/0511/07/CK5052AO00097U7T.html
,这几款了不起的“黑科技”简直太科幻，分分钟让人感觉穿越到未来,51,http://www.toutiao.com/a6413178320910057730/#p=1,网易将发Q1股利 每股美国存托凭证1.08美元,11,http://tech.163.com/17/0511/07/CK4UD2MF00097U7R.html
,真的假的 马云让共享单车全部免押金？,11,http://www.toutiao.com/a6418322016880853250/,苹果设在柏林的秘密办事处曝光 就在市中心御林广场边上,2,http://tech.qq.com/a/20170511/021205.htm
,男子为发泄扔5辆共享单车进河 被网上追逃抓获,26,http://tech.163.com/17/0510/15/CK371K3L00097U7R.html,雷诺-日产：自动驾驶崛起不会影响全球汽车需求量,3,http://tech.qq.com/a/20170511/022888.htm
,"纽约到北京仅2小时？这家""超级高铁""公司可信吗",2628,http://tech.163.com/17/0510/07/CK2EMKS300097U81.html,亚马逊机器人技术更优 遏制对手追踪网站重要信息,0,http://tech.qq.com/a/20170511/022017.htm
,失业时间表？2020年这些职业将逐渐被AI取代,0,http://tech.163.com/17/0510/10/CK2NJFBR00098GJ5.html,Snap第一季度净亏损22.09亿美元 盘后股价重挫24%,10,http://tech.qq.com/a/20170511/002786.htm
,聊天机器人实力还是不行 咋能提升它们的知识水平,3,http://tech.163.com/17/0510/10/CK2NEV5S00097U7T.html,谷歌收购虚拟现实游戏公司Owlchemy Labs,0,http://tech.qq.com/a/20170511/014529.htm
,利用淘宝漏洞敲诈网店 河北两嫌疑人最高获刑1年半,354,http://tech.163.com/17/0510/07/CK2DEUB600097U7R.html,IPO后首份季报出师未捷 Snap CEO身家蒸发10亿美元,3,http://tech.qq.com/a/20170511/002963.htm
,人工智能将走向何方？我这有几点不成熟的小建议！,102,http://tech.163.com/17/0510/07/CK2C38TI00098GJ5.html,亚马逊Echo Show刚刚推出就被指责涉嫌抄袭,1,http://tech.qq.com/a/20170511/006747.htm
,与BAT正面对抗 99%的人工智能企业会死,1,http://tech.163.com/17/0510/11/CK2RLFH700098GJ5.html,微软对飙语音识别 准确率94.1%完败给科大讯飞,9,http://digi.tech.qq.com/a/20170511/001078.htm
,ofo被曝内部腐败严重 回应：一旦查实绝不姑息,44,http://tech.163.com/17/0510/16/CK3BUUDO00097U7R.html,Spectacles眼镜销售数据很难看 第一季仅卖6万副,3,http://tech.qq.com/a/20170511/005442.htm
,盘点9个最热门的有关iPhone 8的传言,185,http://tech.163.com/photoview/0AI20009/14932.html#p=CK2KS8M80AI20009,软银上财年业绩暴增至125亿美元 主要靠套现阿里获利,13,http://tech.qq.com/a/20170511/004776.htm
,一分钟让你家的WiFi速度飞起来！,13,http://www.toutiao.com/a6402048461344915713/,外媒：小米正与银行洽商 为一笔10亿美元贷款融资,78,http://tech.qq.com/a/20170510/044866.htm
,支付火药味儿浓，苹果正面开撕支付宝、微信,192,http://www.toutiao.com/a6418366104670699778/,上汽通用提速新能源战略 别克品牌推出首款增程式混合动力车,96,http://tech.qq.com/a/20170510/032050.htm
,"对比阿里和万达食堂,再看华为食堂,华为员工明显更幸福",14,http://www.toutiao.com/a6412208224287588866/,Snapchat第一季用户增长不及预期 扩大用户数量遇阻,0,http://tech.qq.com/a/20170511/002890.htm
,百度网盘：6月起需实名认证，未认证将遭强退,77,http://tech.163.com/17/0511/10/CK595A2R00097U7R.html,揭秘特斯拉最新SUV Model Y 最早或2019年上市,185,http://tech.qq.com/a/20170510/017975.htm#p=1
,情色产业挂靠知识付费大潮变现？获利远超你想象,120,http://tech.163.com/17/0511/07/CK50B24V00097U7R.html,微软要把Win 10电脑变为亚马逊Echo的竞争对手,3,http://tech.qq.com/a/20170510/034951.htm
,饿了么擅提餐品价格赚差价:平台价比正价贵30%,715,http://tech.163.com/17/0511/09/CK560IDD00097U7R.html,数据中心业务助力英伟达一季度营收大增48.4%,2,http://tech.qq.com/a/20170510/034415.htm
,Build大会|微软用3个小时解释如何赶超亚马逊,1,http://tech.163.com/17/0511/09/CK56CA3200097U7T.html,传软银千亿美元基金募资接近完成 最快将于下周宣布,6,http://tech.qq.com/a/20170510/034250.htm
,人类只剩100年？地球迎来末日的N种方式,91,http://tech.163.com/17/0511/07/CK4UOMM900097U81.html,英特尔加速通向5G 首款调制解调器下半年出样品,8,http://tech.qq.com/a/20170510/033802.htm
,所有超市都在做电商，我们对比了市场前五的超市,1,http://tech.163.com/17/0511/09/CK55NV3800097U7R.html,新美大的长征路，正有更多人掉队 ,0,http://www.sohu.com/a/139706262_115929?loc=1&focus_pic=1
,想吃什么并不取决于大脑而是你的肠道微生物？,6,http://tech.163.com/17/0511/07/CK4UTLDC00097U81.html,搜狐科技在现场：围绕AI看英伟达老黄放了多少大招 ,0,http://www.sohu.com/a/139681568_115565?loc=1&focus_pic=0
,百度将全面实行实名制 用网盘、发贴、评论都得实名认证,82,http://tech.qq.com/a/20170511/020701.htm,老罗：下半年推YunOS锤子手机 系统开放给其他厂商 ,0,http://www.sohu.com/a/139720492_161062?loc=1&focus_pic=0
,传乐视体育裁员50%，或重归“体育媒体公司”,21,http://tech.qq.com/a/20170511/026239.htm,「地狱」里的逍遥子，撑起3000亿商业航母 ,0,http://www.sohu.com/a/139566029_116015?loc=1&focus_pic=0
,《王者荣耀》爆红后，手游创业迎来新机会,37,http://tech.qq.com/a/20170511/006238.htm,毫无悬念 iPhone依然是全世界最流行手机 ,0,http://www.sohu.com/a/139696086_122331?loc=1&focus_pic=0
,别再往百度网盘存那种片子了 下月就要开始实名制,7,http://tech.qq.com/a/20170510/049509.htm,不惧起诉！华为在美成功击退韩国企业专利诉讼围剿 ,7,http://www.sohu.com/a/139508870_123380?loc=1&focus_pic=0
,京东市值无限逼近百度，BAT要变天？,401,http://tech.qq.com/a/20170510/033323.htm,别傻傻等更新，锤子 T1 用户们，该换坚果 Pro 了 ,11,http://www.sohu.com/a/139522825_413981?loc=1&focus_pic=0
,《时代》发布最新“20大最具影响力科技人物” 看看都有谁,28,http://tech.qq.com/a/20170510/030679.htm,联发科风光不再，不幸跌出全球半导体前十 ,11,http://www.sohu.com/a/139699284_187675?loc=1&focus_pic=0
,微信送你这份红包别乱拿，小心以后贷不了款 ,0,http://www.sohu.com/a/139548151_413981?loc=1&focus_pic=0,风扇配上涡轮增压，让家的空气从此流动起来 ,0,http://www.sohu.com/a/139683099_115300?loc=1&focus_pic=0
,你愿意尝试「一周CP」吗？这种新型社交会是好的商业模式吗？ ,0,http://www.sohu.com/a/139581389_114778?loc=1&focus_pic=0,我创业这两年发生的事情 ,3,http://www.sohu.com/a/139719104_118786?loc=1&focus_pic=0
,四招让你吃灰的Kindle起死回生 ,13,http://www.sohu.com/a/139577826_323552?loc=1&focus_pic=0,25 岁的 Adobe Premiere 更加强大，并已经支持 Touch Bar 和 Surface Dial 了 ,1,http://www.sohu.com/a/139607005_413981?loc=1&focus_pic=0
,链家回应称App遭苹果下架因审核规则，规则是什么 ,34,http://www.sohu.com/a/139561622_114778?loc=1&focus_pic=0,小米6对比三星S8:隔着屏幕都能感受到的差距 ,328,http://www.sohu.com/a/139525681_122331?loc=1&focus_pic=0
,膜拜深圳山寨机，这两款牛B神机把“原版”秒成渣 ,2,http://www.sohu.com/a/139736070_622635?loc=1&focus_pic=0,罗永浩发坚果Pro的最大意义：让人更期待T3,1,http://www.sohu.com/a/139523246_115888?loc=1&focus_pic=0
,刚大赚一笔，刘强东转手就买了辆千万跑车送老婆 ,96,http://www.sohu.com/a/139500871_235941?loc=1&focus_pic=0,暴风TV发布智能电视X5 ECHO，分体免遥控3999元起 ,0,http://www.sohu.com/a/139503829_117781?loc=1&focus_pic=0
,KTV再无活路？在线K歌能否成为救世主 ,0,http://www.sohu.com/a/139716074_115503?loc=1&focus_pic=0,扫除“苹果头盔”商标障碍，苹果自有VR发布或将近,0,http://www.sohu.com/a/139723586_123380?loc=1&focus_pic=0
,北京公共免费WiFi，又一个面子工程？,1,http://www.sohu.com/a/139448811_116221?loc=1&focus_pic=0,传索尼135mm顶级人像镜将采用f/1.8或f/1.4大光圈,1,http://www.sohu.com/a/139574637_499322?loc=1&focus_pic=0
,“闲鱼”低俗评论难禁 “原味内裤”藏留言里交易,109,http://www.sohu.com/a/139567226_542950?loc=1&focus_pic=0,锤子确认与YunOS合作，老罗变了还是行业变了？ ,12,http://www.sohu.com/a/139459220_118005?loc=1&focus_pic=0
,为什么OPPO vivo销量那么好 却还是有那么多人吐槽,23,http://www.sohu.com/a/139495595_466942?loc=1&focus_pic=0,超高屏占比!OPPO再曝Find 9渲染图 ,16,http://www.sohu.com/a/139553210_122331?loc=1&focus_pic=0
,怎么做笔记效率高？丢开电脑，用手写！ ,1,http://www.sohu.com/a/139642946_119097?loc=1&focus_pic=0,齿轮减速机应该如何选型？ ,0,http://www.sohu.com/a/139735100_415336?loc=1&focus_pic=0
,一根头发就能拎起的电子设备，还能生物降解 | 创技术 ,0,http://www.sohu.com/a/139709124_337363?loc=1&focus_pic=0,苹果发出WWDC邀请函 6月6日相约圣何塞 ,0,http://www.sohu.com/a/139515929_115978?loc=1&focus_pic=0
,20大最具影响力科技人物，中国上榜者令人惊疑 ,0,http://www.sohu.com/a/139577467_127323?loc=1&focus_pic=0,国产之光 OPPO R9s第一季乃国产机全球销量第一 ,0,http://www.sohu.com/a/139741383_161062?loc=1&focus_pic=0
,家里九年义务教育英语磁带别丢，神器就要回归了！ ,0,http://www.sohu.com/a/139468746_355019?loc=1&focus_pic=0,如微软HoloLens的混合现实，或会逐步颠覆多个行业 ,0,http://www.sohu.com/a/139505866_115856?loc=1&focus_pic=0
娱乐,韩红和央视美女主持人结婚了？卓伟罕见这么回应,10,http://ent.163.com/17/0509/15/CK0MDONT00038FO9.html,贾静雯产后晒怀抱女儿照 母爱爆棚露会心微笑,170,http://ent.163.com/17/0413/22/CHUF2HAO00038FO9.html
,凭《人民的名义》 周梅森雄踞作家收入榜首,953,http://ent.163.com/17/0413/17/CHTTI5V500038FO9.html,徐佳莹传授疗伤情歌 助失恋网友走出低潮,28,http://ent.163.com/17/0413/17/CHTTS8I700038FO9.html
,男神木村拓哉也老了！双颊肉下垂法令纹明显,919,http://ent.163.com/17/0413/16/CHTSD3LM00038FO9.html,郑恺早起化妆拍戏工作超努力！ 喊话网友不要赖床,220,http://ent.163.com/17/0509/09/CK02NIJT00038FO9.html
,白百何出轨小鲜肉影响大 多档节目称不再敢请她,38060,http://ent.163.com/17/0413/16/CHTRRFSR00038FO9.html,黄晓明与小朋友合照嘟嘴亲亲 自嘲不想暴露年龄,85,http://ent.163.com/17/0508/18/CJUECB5N00038FO9.html
,著名音乐人劈腿嫩妹致怀孕 遭泄露半裸床照报复,3133,http://ent.163.com/17/0509/08/CJVSU3N800038FO9.html,薛之谦银发随风飞舞获迷妹紧紧围绕,298,http://ent.163.com/photoview/00AJ0003/630670.html#p=CJUSCOLV00AJ0003
,老戏骨也迷手游！王庆祥戒瘾打卡大家一起监督,48,http://ent.163.com/17/0508/22/CJURITOS00038FO9.html,钟嘉欣携爱女探班苏永康 女儿大眼呆萌可爱,237,http://ent.163.com/17/0508/08/CJTC5GLE00038FO9.html
,日女团为吸粉出新招 花6块钱就能与偶像又亲又抱,1,http://ent.163.com/17/0509/09/CK030OER00038FO9.html,蒋欣衬衫配阔腿裤现身机场,254,http://ent.163.com/photoview/00AJ0003/630598.html#p=CJT93DLG00AJ0003
,疯狂女粉丝为刘德华守身29年 如今欲整容嫁人,482,http://ent.163.com/17/0508/21/CJUPVOOO00038FO9.html,范冰冰拍戏至深夜才收工 新剧女王造型好霸气,1044,http://ent.qq.com/a/20170509/002318.htm
,"黄渤""偷拍""徐静蕾大腿 被发现后徐静蕾这么说",9907,http://ent.163.com/17/0503/01/CJFNKC0200038FO9.html,十年不拍电视剧的张柏芝要回归了！将牵手吴建豪,65,http://www.sohu.com/a/139230736_114941
,葛天被网友怼难怪被抛弃 怒回:少点阴暗多点阳光,12780,http://ent.163.com/17/0503/01/CJFNF71900038FO9.html,《花少3》赖雨濛上线 昔日小公主勇敢挑战自我,1,http://yule.sohu.com/20170509/n492309003.shtml
,琼瑶与继子女公开互撕 50年恩怨情仇被围观,13368,http://ent.163.com/17/0508/01/CJSIG1C000038FO9.html,田海蓉红装活力亮相品牌高定 香肩微露宛若少女,0,http://yule.sohu.com/20170509/n492336699.shtml
,健身遭男教练尾随偷拍 行径恶劣难忍BY2发文诉苦,290,http://ent.163.com/17/0508/08/CJTCILMT00038FO9.html,巩峥简约LOOK演绎别样魅力 大展儒雅暖男范儿,0,http://pic.yule.sohu.com/group-785133.shtml#0
,生财有道！明星从卓伟处买回的偷拍或超亿元,27845,http://ent.163.com/17/0504/11/CJJCKTDJ00038FO9.html,Frandé法兰黛乐团新专辑演唱会 展现丰富音乐性,0,http://yule.sohu.com/20170509/n492302968.shtml
,陈冠希上节目提到谢霆锋一脸不屑,10433,http://ent.163.com/17/0507/08/CJQPJIB400038FO9.html,梅婷拍戏之余忙“咏春” 致敬诗人余秀华,1,http://yule.sohu.com/20170508/n492185408.shtml
,蒋欣两个月铲肉三十斤 迅速减肥靠这两招,8638,http://ent.163.com/17/0507/05/CJQF1R5600038FO9.html,李念带小朋友下棋 画面温馨惹网友羡慕,0,http://yule.sohu.com/20170505/n491825827.shtml
,蹲片场吃饭感动全剧组？赵丽颖：别再帮我编故事,14964,http://ent.163.com/17/0505/13/CJM6KULU00038FO9.html,季肖冰新剧持续热播 与蒲萄高调秀恩爱人气飙升,0,http://yule.sohu.com/20170509/n492332781.shtml
,郑爽被曝片场耍大牌 让替身跟男主对戏自己玩手机,10788,http://ent.163.com/17/0505/08/CJLLF30U00038FO9.html,宋冬野，又见宋冬野,69,http://www.toutiao.com/a6417615397471076610/
,疑似赵四小号怼卓伟：去你妈找个女托给我俩闹呢,95727,http://ent.163.com/17/0425/21/CIT7O7UK00038FO9.html,母爱爆棚！Angelababy谈小海绵：一拍他就会打嗝,84,http://www.toutiao.com/a6418094381870072065/
,人渣父亲？张丰毅谈拒绝参加儿子婚礼 原因有三个,79581,http://ent.163.com/17/0505/16/CJMGVR8Q00038FO9.html,郑爽片场蹦蹦跳跳笑不停，与罗晋对戏甜到不行,99,http://www.toutiao.com/a6418309327513780481/
,《明日之子》变《吐槽大会》，杨幂的画风辣灵魂！,57,http://ent.qq.com/a/20170509/019127.htm,电视剧《白鹿原》今晚复播 从第一集开始复播,233,http://www.toutiao.com/a6418189525584036098/
,出轨门后“赵四”沉默 儿子说了这8个字…,401,http://ent.qq.com/a/20170509/007039.htm#p=1,昆凌怀二胎大肚照终曝光 四肢依旧纤细超美,640,http://ent.qq.com/a/20170509/054540.htm
,为何迪丽热巴的跑男CP失败，Baby却成功了？,643,http://ent.qq.com/a/20170508/027042.htm,侧田《拜托我不寂寞》首发,2,http://ent.sina.com.cn/y/ygangtai/2017-05-10/doc-ifyeychk7209949.shtml?cre=entpc&mod=f&loc=6&r=0&doct=0&rfunc=76&tj=none&s=0
,宋冬野谈涉毒被拘时生活:看个《熊出没》能乐疯了 ,0,http://www.sohu.com/a/139224951_114941,《极致追击》配音三地同期杀青,0,http://ent.sina.com.cn/m/f/2017-05-10/doc-ifyeychk7213694.shtml?cre=entpc&mod=f&loc=9&r=0&doct=0&rfunc=76&tj=none&s=0
,挑战猎奇！刘维上节目大胆吃蟑螂,2,http://yule.sohu.com/20170509/n492309450.shtml,《我的爸爸是国王》曝温情版预告片,0,http://ent.sina.com.cn/m/c/2017-05-10/doc-ifyeychk7211950.shtml?cre=entpc&mod=f&loc=13&r=0&doct=0&rfunc=76&tj=none&s=0
,吴磊丢偶像包袱变挖土少年 为吴亦凡挽尊化尴尬,0,http://yule.sohu.com/20170508/n492187956.shtml,许玮甯《记忆大师》“眼神杀”,0,http://ent.sina.com.cn/m/c/2017-05-10/doc-ifyeycfp9429025.shtml?cre=entpc&mod=f&loc=15&r=0&doct=0&rfunc=76&tj=none&s=0
,黄蓉和小龙女比美 李若彤颜值依旧不输小花,32,http://pic.yule.sohu.com/group-785102.shtml#0,侧田携手尖叫现场 奉献复出后内地首唱,0,http://yule.sohu.com/20170510/n492426271.shtml
,这部大陆鬼片因吓死人被禁20年，但它绝B是中国最牛的恐怖电影,89,http://www.toutiao.com/a6418008369169056002/,董子健孙怡公布婚讯后招待亲友 拥抱依偎尽显甜蜜,4,http://ent.sina.com.cn/s/m/2017-05-11/doc-ifyfeivp5581172.shtml
,非诚勿扰男嘉宾痛批女生物质遭狂灭灯，甩8本房产证灭灯的手停了,5545,http://www.toutiao.com/a6417746967985012993/,英国歌手艾德希兰将韩国开唱,1,http://ent.sina.com.cn/y/yrihan/2017-05-11/doc-ifyfeivp5571092.shtml?cre=entpc&mod=f&loc=3&r=0&doct=0&rfunc=76&tj=none&s=0
,被苏有朋藏了13年的妻子，与林心如颜值大不同，难怪会违背誓言,3,http://www.toutiao.com/a6418034899978223873/,韩雪着装优雅工作超认真！,1,http://ent.sina.com.cn/s/m/2017-05-11/doc-ifyfeivp5573330.shtml?cre=entpc&mod=f&loc=11&r=0&doct=0&rfunc=76&tj=none&s=0
,范爷回怼白百合：没事喜欢往自己脸上贴金，以为谁都在意她一样！,187,http://www.toutiao.com/a6418030715212316929/,邓紫棋：据说六月初有新歌,0,http://ent.sina.com.cn/s/h/2017-05-11/doc-ifyfeivp5566722.shtml?cre=entpc&mod=f&loc=10&r=0&doct=0&rfunc=76&tj=none&s=0
,谢娜生日好友各种祝福，张杰的这条微博却暴露了他们的婚姻实情,176,http://www.toutiao.com/a6417667714542190850/,王俊凯银色铁甲装隐匿密林,1,ent.sina.com.cn/tv/zy/2017-05-11/doc-ifyfeivp5572416.shtml?cre=entpc&mod=f&loc=13&r=0&doct=0&rfunc=76&tj=none&s=0
,明星遇见乞丐的反应，赵薇最直接，赌王儿子值得点赞,4567,http://www.toutiao.com/a6417656138783129858/,从默笙到白落衡：选对角色的吴倩有观众缘,,http://ent.sina.com.cn/zl/bagua/blog/2017-05-08/09375906/1295009824/4d3048200102x5y9.shtml
,看了王中磊儿子和王艳儿子，网友称：真是没有对比就没有伤害,6,http://www.toutiao.com/a6417929497270714626/,张羽《勇往直前》为恩师陈志远遗作坚持歌唱,0,http://ent.163.com/17/0511/10/CK5AVGR9000380CJ.html
,盘点：娱乐圈让你意想不到的亲兄弟，我不说你不一定知道,287,http://www.toutiao.com/a6415394935658447106/#p=1,蔡依林与妈妈亲密合影 为爱创作公益歌曲,1,http://ent.163.com/17/0511/08/CK52V5C900038FO9.html
,陈羽凡退出娱乐圈？大家都被巧妙的声明骗了！,193,http://www.toutiao.com/a6409854038791373058/,Mr.Children推出两精选专辑 纪念出道25周年,1,http://ent.163.com/17/0511/08/CK52EGES000380CJ.html
,跑男为收视率隐瞒了这六次突发事件，嘉宾集体抱怨影响兄弟情,220,http://www.toutiao.com/a6417892403240452354/,Aki黄淑惠携新专辑《嘿》席卷内地乐坛,1,http://ent.163.com/17/0511/08/CK52B00L000380CJ.html
,盘点娱乐圈老死不同台的八对明星，一山怎能容二虎,284,http://www.toutiao.com/a6418133861088149762/,阿里郎组合热血重组 6月携新歌回归音乐初心,11,http://ent.163.com/17/0509/11/CK094LN3000380CJ.html
,北京最易偶遇一线明星的地方是,25,http://www.toutiao.com/a6418272061870260482/,薛之谦斩获多项音乐大奖 《初学者》燃爆现场,31,http://ent.163.com/17/0509/10/CK05S8V0000380CJ.html
,小沈阳为何消失，赵本山一句话道出真相,0,http://www.toutiao.com/a6418078984982921474/,"""MusicRadio全球流行音乐年度盛典""圆满落幕",1,http://ent.163.com/17/0509/10/CK04I7CR000380CJ.html
,《海豚湾恋人》是个黑洞，除了霍建华都走偏了，他竟砍人两次入狱,0,http://www.toutiao.com/a6418348783402664194/,鹏泊新歌《春来鸟》发布 首专辑即将面世,3,http://ent.163.com/17/0509/10/CK043QQO000380CJ.html
,卓伟再揭白百何真面目，将爆陈羽凡离婚语音！,0,http://www.toutiao.com/a6418298724094705922/,宋冬野《郭源潮》首播 乐队化编曲展创作才华,1,http://ent.163.com/17/0509/09/CK01F9UH000380CJ.html
,明星整没整容，看她的孩子就知道了，最后一个你敢说你没整吗？,16,http://www.toutiao.com/a6418077049542590721/,丁克森录《星星的礼物》摇滚少年客串临时奶爸,2,http://ent.163.com/17/0508/13/CJTUIGAR000380CJ.html
,高育良打电话这场戏告诉我们，你们对真正的官话，一无所知！,598,http://www.toutiao.com/a6413478633777053953/,《繁星四月》插曲《雨天》MV曝光 戚薇献唱,1,http://ent.163.com/17/0508/10/CJTKAAD4000380CJ.html
,张杰世界巡演刚刚开始，国内粉丝就要脱粉，只是因为一个小动作,85,http://www.toutiao.com/a6418015175471087873/,《七十二层》吴磊青葱帅气逼人 笑容治愈人心,5,http://ent.163.com/17/0511/11/CK5BTS1E00037VVV.html
,盘点各大卫视跨年晚会的尴尬之处，假唱是轻的，最后一个真懵逼,49,http://www.toutiao.com/a6418228154516046082/,好幸福！修杰楷晒两个女儿萌照 咘咘大眼超可爱,9,http://ent.163.com/17/0511/14/CK5N6EUD00038FO9.html
,《人民的名义》大结局后热度不减，央视紧随打造反腐大剧今晚首播,141,http://www.toutiao.com/a6418162188562170114/,海清休闲范儿现身 头戴圆帽黑超遮面星范足,77,http://ent.163.com/photoview/00AJ0003/630892.html
,王思聪是喷过很多明星，在他面前就变成乖媳妇一样,5,http://www.toutiao.com/a6418112406882844929/,孙茜产后复工气色红润 网友：看不出刚生宝宝,308,http://ent.163.com/17/0511/11/CK5EEJ3G00038FO9.html
,花8000万买走出轨照的一线男星，很难不这么猜！,126,http://www.toutiao.com/a6418045095271301378/,周迅小清新风现身 自推行李箱低调十足,626,http://ent.163.com/photoview/00AJ0003/630839.html#p=CK4V9P8N00AJ0003
,娱乐圈里脾气暴躁的明星，与荧幕上真是天壤地别啊,649,http://www.toutiao.com/a6413974497984741633/,韩雪工作超认真 穿浅粉色上衣仙气十足！,202,http://ent.163.com/17/0511/10/CK58J51E00038FO9.html
,冯小刚痛批明星甩大牌：四个明星带了四十个跟班,105,http://www.toutiao.com/a6417979135012978946/,“黄小厨”机场大厅大啖盒饭啃鸡腿 毫无违和感,22,http://ent.qq.com/a/20170511/022365.htm
,又挨怼！张大大被当面吐槽“又胖又丑”爆粗口,180,http://ent.qq.com/a/20170510/025603.htm,熊黛林与老公秘密游台 甜蜜喂食秀恩爱,125,http://ent.qq.com/a/20170511/003503.htm
,明星避税花样多，但专业人士说避税和偷税界限模糊,1172,http://ent.qq.com/a/20170509/056099.htm,钟欣怡二胎是男孩凑“好”字 预产期在今年10月,122,http://ent.qq.com/a/20170511/005315.htm
,看腻了好莱坞特效 本土武术明星 原来还有他！,667,http://ent.qq.com/a/20160902/050428.htm#p=1,“小哥哥”易烊千玺丹麦行,,http://slide.ent.sina.com.cn/star/slide_4_704_177168.html?cre=entpc&mod=f&loc=12&r=0&doct=0&rfunc=76&tj=none&s=0#p=1
,细数电视剧《人民的名义》十大穿帮镜头，最后一个亮了,3600,http://www.toutiao.com/a6407649820521005313/,宋康昊裴斗娜拍《毒品之王》,0,http://ent.sina.com.cn/m/f/2017-05-11/doc-ifyfeivp5579937.shtml?cre=entpc&mod=f&loc=13&r=0&doct=0&rfunc=76&tj=none&s=0
,被广电明令禁播的9大综艺节目，个个都曾是“网红”,2617,http://www.toutiao.com/a6407282283250680065/,阿Sa周柏豪综艺合体宣传新片,0,http://ent.sina.com.cn/s/2017-05-11/doc-ifyfeius7796538.shtml?cre=entpc&mod=f&loc=5&r=0&doct=0&rfunc=76&tj=none&s=0
,她们是卓伟眼中最清纯的两位女星，跟拍多年无黑料，你不得不信！,142,http://www.toutiao.com/a6416177699403923714/,王珞丹拉手风琴秀乐器功底,0,http://ent.sina.com.cn/music/zy/2017-05-11/doc-ifyfeivp5575471.shtml?cre=entpc&mod=f&loc=17&r=0&doct=0&rfunc=76&tj=none&s=0
,脑残粉有多可怕，明星用血泪史告诉你，张碧晨在韩国就曾走上歪路,252,http://www.toutiao.com/a6418078754682011905/,魏大勋《因为爱情》定档6.9,0,http://ent.sina.com.cn/m/c/2017-05-11/doc-ifyfeius7808378.shtml?cre=entpc&mod=f&loc=14&r=0&doct=0&rfunc=76&tj=none&s=0
,母亲是第一经纪人，父亲是周星驰御用演员的董子健是怎样被捧红的,209,http://www.toutiao.com/a6418047331857973506/,叮，我有一个“好综艺好时光”愿望等小鹿黑牛实现,7,http://ent.qq.com/a/20170511/013323.htm
,喜剧新人被抓吸毒，这次不是卓伟爆料的！,261,http://www.toutiao.com/a6418302674525946114/,胡可称想带安吉见赵丽颖 自认“少女国民婆婆”,2,http://ent.qq.com/a/20170511/019842.htm
,娱乐圈洁癖最为严重的五大明星，看完简直要怀疑人生！,205,http://www.toutiao.com/a6413885730720235777/,黄磊<麻烦家族>公映,0,http://www.sohu.com/a/139733544_114733
,张丰毅真耿直：批张铁林只会瞪眼，电话“达康书记”演戏太臭,303,http://www.toutiao.com/a6418038009991741698/,集中爆发姜潮人气火爆 新书签售将登陆上海,0,http://yule.sohu.com/20170511/n492621458.shtml
,大事件|曹云金再陷发票门，心急洗白,111,http://ent.qq.com/cross/20170509/8H9HjW36.html,成毅活力满分型 纯粹穿搭凸显“毅式”简约,0,http://yule.sohu.com/20170511/n492611119.shtml
,郑钧巡演发布会高旗助阵,0,http://ent.sina.com.cn/y/yneidi/2017-05-10/doc-ifyeycfp9430236.shtml?cre=entpc&mod=f&loc=2&r=0&doct=0&rfunc=76&tj=none&s=0,回来了！Aki黄淑惠携新专辑《嘿》席卷内地乐坛,0,http://yule.sohu.com/20170511/n492618345.shtml
,孟非：综艺烧钱拼大咖是作死,2,http://ent.sina.com.cn/tv/zy/2017-05-10/doc-ifyeycfp9433512.shtml?cre=entpc&mod=f&loc=8&r=0&doct=0&rfunc=76&tj=none&s=0,张静初穿半身裙草帽度假风现身 手机壳亮了,648,http://ent.163.com/photoview/00AJ0003/630891.html#p=CK5EUTO000AJ0003
,17岁的欧阳娜娜赚了9000万？,0,http://ent.sina.com.cn/zl/bagua/blog/2017-05-10/10125914/338727009/14309061f0102wwjd.shtml?cre=entpc&mod=f&loc=14&r=0&doct=0&rfunc=76&tj=none&s=0,鲍蕾逛街试衣遭陆毅调侃 说是搞怪实则是虐狗！,19,http://ent.163.com/17/0511/15/CK5QUL7700038FO9.html
,日剧综述 《紧急取调室》《九系》等剧收视率下跌,0,http://ent.sina.com.cn/v/j/2017-05-10/doc-ifyeychk7221116.shtml,江一燕陪希望小学孩子读书,5,http://www.sohu.com/a/136011591_723527
,《外科风云》人性本能VS职业道德 靳东进退维艰,0,http://ent.sina.com.cn/v/m/2017-05-10/doc-ifyeychk7219914.shtml,张哲瀚生日写真曝光,0,http://www.sohu.com/a/139715534_591153
,他是拒领金像奖第一人 猝死家中无人知,10,http://ent.qq.com/a/20170510/026515.htm#p=1,徐海乔化身暖系男神,0,http://www.sohu.com/a/139739930_585134?qq-pf-to=pcqq.c2c
,实拍：高铁女乘务员日夜工作的真实私下生活 ,58,http://www.toutiao.com/a6408800528604512513/#p=1,黄磊聊婚姻聊家庭聊多多，还聊了爱和死亡,122,http://ent.qq.com/a/20170511/058844.htm
,《人民的名义》沈腾撞脸达康书记后，一知名男演员又撞脸育良书记,12,http://www.toutiao.com/a6411359714995683586/,《欢乐颂2》8大主演接力聊 王子文：我不会撩汉,22,http://ent.qq.com/a/20170512/001265.htm
,真友情！郑爽最受非议之时杨紫小号发声力挺,35,http://www.sohu.com/a/139381830_220938,昆凌怀二胎6个月 摸孕肚为新片献声开心比V,377,http://ent.qq.com/a/20170511/058545.htm
,何洁为减肥除吞虫子都试过,1,http://ent.sina.com.cn/y/yneidi/2017-05-11/doc-ifyfeius7807035.shtml?cre=entpc&mod=f&loc=4&r=0&doct=0&rfunc=76&tj=none&s=0,毕赣《地球最后的夜晚》下月开机 汤唯张艾嘉加盟,1,http://ent.qq.com/a/20170512/011452.htm
,拷问性别歧视是这样拍戏的,,http://ent.sina.com.cn/zl/bagua/blog/2017-05-11/09515919/355938738/153731b220102wyup.shtml?cre=entpc&mod=f&loc=5&r=0&doct=0&rfunc=76&tj=none&s=0,专访杨丞琳：不想再拍偶像剧 不会为爱放弃事业,113,http://ent.qq.com/a/20170511/031379.htm
,陈羽凡会成为第二个王宝强吗,,http://ent.sina.com.cn/zl/bagua/blog/2017-05-11/09465918/353750013/1515cbfd80102wyea.shtml?cre=entpc&mod=f&loc=6&r=0&doct=0&rfunc=76&tj=none&s=0,产后正式复出！汤唯加盟电影《地球最后的夜晚》,0,http://www.sohu.com/a/139972361_114941
,复仇撕逼逆袭！韩国电影强大的理由是什么,,http://ent.sina.com.cn/zl/bagua/blog/2017-05-08/09575909/375995613/16693cdde0102xdtg.shtml,孙燕姿抱杨采妮的双胞胎 辣妈同框满脸幸福 ,0,http://www.sohu.com/a/139964335_114941
,刘强东鄙视高亚麟：《人民的名义》不能这么拍！高亚麟一句话打脸,43,http://www.toutiao.com/a6418692960909721857/,曝韩寒街头遭暴打满脸血？工作人员：在拍摄新广告,89,http://ent.sina.com.cn/s/m/2017-05-12/doc-ifyfeius7832441.shtml
,惨烈！凤姐失控疯狂攻击杨幂，原因太荒唐！而这次杨幂终于爆发了,354,http://www.toutiao.com/a6418696617767911682/,于正晒关晓彤水中吊威亚照片赞敬业,24,http://ent.sina.com.cn/s/m/2017-05-11/doc-ifyfeius7831304.shtml
,中国明星收入排行榜，众面瘫收入过亿是喜是忧,247,http://www.toutiao.com/a6418456212376076545/,结束8年恋爱长跑！男友张效诚向吴敏霞求婚成功,30,http://ent.sina.com.cn/s/m/2017-05-12/doc-ifyfeivp5612420.shtml
,为什么赵薇等人和周杰的联系比较少 郑佩佩说出秘密,88,http://www.toutiao.com/a6418384719025144066/,吴敏霞调侃男友不会拍照,4,http://ent.sina.com.cn/s/m/2017-03-27/doc-ifycstww1312836.shtml
,经纪人出走员工离职！知情人曝羽泉公司名存实亡,2,http://www.toutiao.com/a6418461842902155521/,容祖儿甜笑迷人眼睛圆圆性感,4,http://slide.ent.sina.com.cn/y/slide_4_704_177467.html?cre=entpc&mod=f&loc=12&r=0&doct=0&rfunc=76&tj=none&s=0#p=1
,野战门、黄鳝门、探灵门，主播门为了关注真是无所不用其极啊,43,http://www.toutiao.com/a6418737303447666945/,董子健孙怡成娱乐圈最年轻夫妇,5,http://ent.sina.com.cn/s/m/2017-05-12/doc-ifyfeivp5606189.shtml?cre=entpc&mod=f&loc=10&r=0&doct=0&rfunc=76&tj=none&s=0
,明星签名长啥样？古天乐王源“食物派”字体笑翻，大张伟出乎意料,3,http://www.toutiao.com/a6418741250304344322/,中国电视剧打造“华流”黄金期 弘扬优秀传统,0,http://www.chinanews.com/yl/2017/05-11/8220686.shtml
,恋爱时死不承认，“分手后”才众所周知的6对明星 ,19,http://www.toutiao.com/a6418677665775583489/#p=1,《欢乐颂2》安迪慢慢谈恋爱 制片人：感情需循序渐进 ,0,http://www.chinanews.com/yl/2017/05-11/8221125.shtml
,被成龙祸害的女人们，最惨的只有18岁，吴绮莉连前三都算不上,10,http://www.toutiao.com/a6418692930210545922/,白澜《如懿传》忠心护主 不舍杀青盼再聚首(图) ,0,http://www.chinanews.com/yl/2017/05-09/8219211.shtml
,白百何事件中，应该滚出娱乐圈的到底是谁？,7,http://www.toutiao.com/a6418674904699027714/,盛一伦与粉丝亲密互动 潘玮柏献唱两首经典歌曲,0,http://www.chinanews.com/yl/2017/05-06/8217421.shtml
,张馨予登《快本》再次被无视，谢娜全程冷漠脸懒得搭理,175,http://www.toutiao.com/a6417567795689160961/,赵予熙写真书发行 甜美优雅写真曝光,0,http://www.chinanews.com/yl/2017/05-10/8220143.shtml
,周杰伦出道前挑战演技显青涩 一个镜头神预言,485,http://ent.163.com/17/0511/12/CK5GNBP100038FO9.html,《风尚星光盛典》天津发布 选拔时尚“健客”,0,http://www.chinanews.com/yl/2017/05-10/8220509.shtml
,易烊千玺变身咆哮帝 为吃火锅偶像包袱全无,3,http://ent.163.com/17/0511/11/CK5C7JD800037VVV.html,《穿梭恋人3》今日开播 杨梅解开身世之谜,0,http://www.chinanews.com/yl/2017/05-10/8220298.shtml
,快男300强大数据暗藏玄机 林俊杰最受选手青睐,0,http://ent.163.com/17/0511/10/CK594CL000037VVV.html,关之琳变身企业家助力创业 穿西装造型干练,0,http://www.chinanews.com/yl/2017/05-09/8219228.shtml
,马天宇诉苦喊累 郑爽神回复：骚年来一发么？,1018,http://ent.163.com/17/0511/13/CK5JGAIM00038FO9.html,迪玛希自曝是机甲迷 学中文祝《超凡战队》票房大卖,0,http://www.chinanews.com/yl/2017/05-09/8219551.shtml
,卓伟自称爆料靠“幻觉” 表示不配和明星做朋友,9180,http://ent.163.com/17/0511/02/CK4CQ95R00038FO9.html,《烈火如歌》的烈火要烧起来了,0,http://www.chinanews.com/yl/2017/05-09/8219037.shtml
,被批评了！黄轩粉丝斥其经纪人失职 说的话够狠,822,http://ent.163.com/17/0511/00/CK48PPEG00038FO9.html,《抢红》终极预告海报曝光 张涵予黎明反目成仇,0,http://www.chinanews.com/yl/2017/05-08/8218423.shtml
,陈羽凡酒后吐真言，爆与白百何离婚真相,,http://www.365yg.com/group/6418451041456488961/,董子健孙怡合体登封面 高调宣布：“我们要结婚啦”,0,http://www.chinanews.com/yl/2017/05-08/8218359.shtml
,范冰冰当众和白百何高调互撕，娱乐圈明星们互撕谁最强？,357,http://www.toutiao.com/a6418644754145444097/,茗雅Mia出演新剧《备胎公司》 变健身达人,0,http://www.chinanews.com/yl/2017/05-05/8216501.shtml
,因为节目组和播出平台撕逼，导致某男星差点没能参加发布会,,http://m.happyjuzi.com/article/120749.html?view=27&pf=android&d_source=toutiao&tt_group_id=6418531934872486146,成毅春日写真曝光 将在新片中大秀训犬绝技,0,http://www.chinanews.com/yl/2017/05-05/8216395.shtml
,终于知道48岁许晴为什么没嫁出去，和冯小刚一起身体太诚实了！,172,http://www.toutiao.com/a6418516479700582658/,娄烨担任第11届FIRST影展评委会主席,0,http://www.chinanews.com/yl/2017/05-05/8216019.shtml
,当众假唱被揭穿，名誉受损的6大明星 ,160,http://www.toutiao.com/a6418419649193378050/#p=1,纪实剧《我的土地我做主》将于5月5日登陆央视播出,0,http://www.chinanews.com/yl/2017/05-04/8215652.shtml
,盘点酒后闹事丑态百出的10大明星,,http://blog.sina.com.cn/s/blog_165e9fbde0102x6y9.html?tj=ent,伊程受邀出席北影节巡展闭幕礼 被赞迷人磁性嗓音,0,http://www.chinanews.com/yl/2017/05-04/8215654.shtml
,陈羽凡领衔自曝被戴绿帽子的10大男星,,http://blog.sina.com.cn/s/blog_165dcf45c0102x21x.html?tj=ent,演员华程最新写真曝光 黑衣酷炫展潮男魅力,0,http://www.chinanews.com/yl/2017/05-04/8215563.shtml
,网友质疑高圆圆被家暴，卓伟的回答分分钟亮瞎！,8,http://www.toutiao.com/a6418438145582973186/,李聪推出《Low Love》双remix版 风格前卫,0,http://www.chinanews.com/yl/2017/05-04/8215566.shtml
